test$ts:INTEGER(64 bits),test$id:INTEGER(64 bits),test$value:INTEGER(64 bits)
11,5809620390719566466,-5611274108733340469
12,-8937184432160593850,3517000156326659898
4,2640107033871964592,4717616570401959493
6,6235324137994233735,8500869912308157169
5,8912120879298085137,8306436399312939728
8,4127129296106256735,2403277047778102033
7,122154706967589397,9063209755160279896
10,-8165581157611751641,5717466228514099554
9,3000629464555624686,-564384158816576237
